model,dataset,b1,b2,b3,b4,m,r,c,s
adaptive_11-May-2020_(17:29:25),coco,0.7043457,0.5281046,0.38171629,0.27321611,0.24251821,0.51656506,0.91098428,0.17273971
adaptive_11-May-2020_(17:30:25),coco,0.70215863,0.52509512,0.3791973,0.27223646,0.24245643,0.51532097,0.90566121,0.17236382
adaptive_11-May-2020_(17:31:13),coco,0.70255598,0.52631407,0.38128042,0.27408285,0.24208186,0.51360256,0.90648794,0.17167322
adaptive_11-May-2020_(17:33:25),coco,0.69896573,0.52268312,0.3777495,0.27117551,0.24266248,0.51462544,0.90624272,0.1732587
adaptive_11-May-2020_(17:34:25),coco,0.70280151,0.52523621,0.37872561,0.27110398,0.24124479,0.51393673,0.90142313,0.17165143
